name,10.204.35.3,10.204.35.4,10.204.35.5,10.204.35.6,10.204.35.7,10.204.35.8,10.204.35.9,10.204.35.10,10.204.35.11,10.204.35.12,10.204.35.13,10.204.35.14,10.204.35.15,10.204.35.16,10.204.35.17,10.204.35.18,10.204.35.19,10.204.35.20,10.204.35.21,10.204.35.22,10.204.35.23,10.204.35.24,10.204.35.25,10.204.35.26,10.204.35.27,10.204.35.28,10.204.35.29,10.204.35.30,10.204.35.31,10.204.35.32,10.204.35.33,10.204.35.34,10.204.35.35,10.204.35.36,10.204.35.37,10.204.35.38,10.204.35.39,10.204.35.40,10.204.35.41,10.204.35.42,10.204.35.43,10.204.35.44,10.204.35.45,10.204.35.46,10.204.35.47,10.204.35.48,10.204.35.49,10.204.35.50,10.204.35.51,10.204.38.3,10.204.38.4,10.204.38.5,10.204.38.6,10.204.38.7,10.204.38.8,10.204.38.9,10.204.38.10,10.204.38.11,10.204.38.12,10.204.39.3,10.204.41.3,10.204.41.4,10.204.41.5,10.204.41.6,10.204.41.7,10.204.41.8,10.204.41.9,10.204.41.10,10.204.41.11,10.204.41.12,10.204.41.13,10.204.41.14,10.204.41.15,10.204.41.16,10.204.41.17,10.204.41.18,10.204.41.19,10.204.41.20,10.204.41.21,10.204.41.22,10.204.41.23,10.204.41.24,10.204.41.25,10.204.41.26,10.204.41.27,10.204.41.28,10.204.41.29,10.204.41.30,10.204.41.31,10.204.41.32,10.204.41.33,10.204.41.34,10.204.41.35,10.204.41.36,10.204.41.37,10.204.41.38,10.204.41.39,10.204.41.40,10.204.41.41,10.204.41.42,10.204.41.43,10.204.41.44,10.204.41.45,10.204.41.46,10.204.41.47,10.204.41.48,10.204.41.49,10.204.41.50,10.204.41.51,10.204.41.52,10.204.41.53,10.204.41.54,10.204.41.55,10.204.41.56,10.204.41.57,10.204.41.58,10.204.41.59,10.204.41.60,10.204.41.61,10.204.41.62,10.204.41.63,10.204.41.64,10.204.41.65,10.204.41.66,10.204.41.67,10.204.41.68,10.204.41.69,10.204.41.70,10.204.41.71,10.204.41.72,10.204.41.73,10.204.41.74,10.204.41.75,10.204.41.76,10.204.41.77,10.204.41.78,10.204.41.79,10.204.41.80,10.204.41.81,10.204.41.82,10.204.41.83,10.204.41.84,10.204.41.85,10.204.41.86,10.204.41.87,10.204.41.88,10.204.41.89,10.204.41.90,10.204.41.91,10.204.41.92,10.204.41.93
10.7.17.17,0,0,0,0,0,0,0,0,0,0,0,0,0,0,0,0,0,0,0,0,0,0,0,0,0,0,0,0,0,0,0,0,0,0,0,0,0,0,0,0,0,0,0,0,0,0,0,0,0,0,0,0,0,0,0,0,0,0,0,0,0,0,0,0,0,0,0,0,0,0,0,0,0,0,0,0,0,252,0,0,0,0,0,0,0,0,0,0,0,0,0,0,0,0,0,0,0,0,0,86,111,0,0,0,0,123,0,0,214,0,0,0,0,0,0,0,137,0,0,0,0,0,0,0,0,0,0,0,0,228,0,0,0,164,0,0,0,0,118,276,0,0,0,0,0,0,0,0,0,0,0
10.7.17.18,0,0,0,0,0,0,0,0,0,0,0,0,0,53,0,0,0,0,0,0,0,0,0,0,0,0,0,114,0,0,0,0,0,23,0,0,314,0,0,84,0,0,0,0,0,0,0,0,0,0,0,0,0,0,0,0,0,0,0,0,0,185,169,0,273,0,0,0,0,0,274,55,0,0,0,97,210,98,0,0,0,0,180,0,0,114,0,0,0,0,167,0,0,205,0,0,0,0,213,0,117,0,0,88,648,0,0,169,0,153,202,0,0,0,330,0,0,0,0,0,364,0,167,0,0,42,210,255,139,0,0,0,0,0,132,0,116,280,150,0,64,0,0,0,0,0,0,391,0,248,0
10.7.17.19,0,0,113,0,0,0,0,0,0,0,0,105,0,0,0,0,0,0,235,0,0,54,0,0,190,208,0,70,149,0,0,0,0,0,0,0,0,0,0,0,0,0,0,21,22,0,0,18,0,0,0,0,0,0,0,0,0,0,0,0,0,0,0,0,0,0,0,29,35,0,0,0,44,0,0,0,0,0,0,36,0,0,0,58,0,10,70,21,0,0,0,0,0,0,0,0,0,0,0,6,16,0,0,0,0,0,0,30,66,0,0,0,0,0,0,0,35,0,0,0,0,0,24,0,57,34,0,0,37,0,0,0,0,0,0,0,0,40,22,0,19,0,0,0,0,0,0,0,0,83,0
10.7.17.20,0,0,0,147,0,0,47,140,0,26,120,240,0,38,0,173,0,0,0,0,166,178,0,126,182,279,236,0,29,0,208,0,0,0,103,0,0,120,0,0,28,0,0,0,0,0,0,68,86,0,0,0,0,0,0,0,0,0,0,0,0,23,0,169,0,134,0,0,47,0,0,0,0,0,0,0,0,0,88,107,0,0,0,0,51,0,0,0,0,0,0,36,0,259,0,104,66,0,0,0,189,0,140,0,0,113,0,0,0,0,0,0,0,0,0,0,77,0,0,0,0,0,0,137,0,121,0,0,176,0,0,10,0,0,0,0,143,0,0,0,136,229,0,0,0,0,101,0,0,0,251
10.7.17.21,0,52,334,42,0,197,0,102,0,0,0,0,205,0,184,84,0,73,172,0,0,0,0,0,0,0,56,188,125,29,90,0,0,0,213,0,0,91,0,0,54,0,36,0,0,0,0,0,0,0,0,0,0,0,0,0,0,0,0,0,0,146,63,0,0,107,0,143,0,109,0,0,114,0,0,0,17,0,0,0,0,25,0,0,365,0,0,0,0,0,0,10,0,23,0,0,0,1,0,49,233,292,0,0,13,0,0,95,0,177,0,0,185,93,356,0,0,0,0,0,110,135,0,0,0,87,0,20,0,0,0,0,0,0,20,0,0,0,0,0,0,0,331,0,47,0,0,0,0,0,0
10.7.17.22,139,134,184,109,0,0,0,0,0,0,0,0,0,0,69,58,5,0,106,0,226,0,0,43,0,0,0,59,0,0,35,0,0,324,0,0,0,0,0,262,0,214,0,196,0,32,0,160,0,0,0,0,0,0,0,0,0,0,0,0,0,0,0,0,0,0,0,0,0,0,0,0,0,0,0,0,0,0,0,0,0,0,0,0,0,0,0,0,0,0,0,0,0,0,0,0,0,0,0,0,0,0,0,0,0,0,0,0,0,0,0,0,0,0,0,0,0,0,0,0,0,0,0,0,0,0,0,0,0,0,0,0,0,0,0,0,0,0,0,0,0,0,0,0,0,0,0,0,0,0,0
10.7.17.23,0,0,0,0,0,0,0,0,0,0,0,0,0,0,0,0,0,0,0,0,0,0,0,0,0,0,0,0,0,0,0,0,0,0,0,0,0,0,0,0,0,0,0,0,0,0,0,0,0,0,0,0,0,0,0,0,0,0,0,0,317,0,115,0,0,37,734,0,0,0,278,0,0,0,208,0,0,0,161,0,0,0,238,0,0,0,0,0,0,0,0,0,117,0,0,0,0,0,0,0,0,0,0,159,248,0,236,0,0,0,0,0,0,284,0,217,0,0,0,0,0,102,0,0,0,0,68,0,0,0,0,0,0,0,0,0,0,0,0,0,0,0,0,0,0,0,0,0,0,0,0
10.7.17.24,0,0,0,0,0,0,0,0,0,0,0,0,0,0,0,0,0,0,0,0,0,0,0,0,0,0,0,0,0,0,0,0,0,0,0,0,0,0,0,0,0,0,0,0,0,0,0,0,0,0,0,0,0,0,0,0,0,0,0,0,0,0,0,0,201,0,0,0,4,0,0,0,117,0,0,0,0,0,0,0,0,0,0,0,0,0,0,0,0,0,0,0,0,0,0,107,0,0,0,112,0,0,135,0,0,0,0,0,92,0,0,0,0,0,0,292,0,0,20,0,0,0,63,168,0,0,47,0,0,206,0,0,0,175,0,183,0,290,247,0,47,0,0,0,0,0,0,0,0,0,0
10.20.228.30,214,156,137,96,180,122,113,144,554,166,146,166,223,153,114,123,214,150,177,177,100,177,220,197,165,201,168,143,156,191,161,194,203,182,147,628,154,194,597,215,45,211,136,185,201,178,568,182,157,270,250,306,333,295,298,329,348,323,175,104,247,227,209,136,208,131,189,252,205,196,193,175,256,194,203,216,191,195,194,122,137,248,164,209,176,200,240,248,207,130,194,114,211,156,203,203,248,179,213,293,220,209,235,191,187,233,206,266,237,204,178,172,149,204,211,222,251,254,280,184,116,140,175,200,199,195,227,158,205,175,182,250,321,208,278,130,233,151,232,189,213,215,184,264,232,162,181,179,144,263,167
10.75.104.7,449,381,381,392,341,350,328,364,0,407,383,361,388,437,316,321,282,379,394,278,319,323,293,419,326,375,290,373,304,311,323,364,0,287,342,0,365,406,0,380,108,354,441,380,438,457,0,369,329,0,0,0,0,0,0,0,0,0,0,0,396,380,320,350,418,412,386,361,331,337,296,501,458,331,313,416,380,517,352,387,368,426,354,432,368,431,405,448,423,343,409,227,357,358,356,423,433,373,310,408,308,409,476,221,374,347,293,458,438,409,474,362,376,344,436,335,352,486,421,475,425,293,309,483,434,371,348,397,411,433,330,450,454,528,473,452,436,440,435,495,404,380,327,307,454,357,418,416,354,545,327
10.75.104.8,162,125,165,130,156,136,143,176,0,109,126,174,153,161,184,162,146,169,160,197,197,98,109,184,134,142,165,112,187,170,151,173,0,169,116,0,94,122,0,145,53,165,151,145,156,123,0,170,160,0,0,0,0,0,0,0,0,0,0,0,145,229,210,86,174,122,194,175,149,129,145,210,197,188,120,187,196,187,133,155,151,147,212,188,172,187,117,196,278,196,194,86,188,179,174,224,213,148,162,206,216,179,187,55,127,165,191,182,217,186,231,162,147,127,133,152,280,184,157,135,133,158,119,252,183,110,190,151,254,183,118,175,223,242,221,228,233,285,160,200,225,188,175,157,193,190,154,115,190,142,181
10.75.104.9,235,222,191,238,245,215,178,259,0,246,155,250,225,211,256,215,275,233,187,150,134,168,207,164,210,236,186,196,163,186,215,244,0,190,250,0,152,160,0,217,63,235,225,175,184,207,0,186,192,0,0,0,0,0,0,0,0,0,0,0,206,260,196,157,240,218,193,214,191,236,194,164,218,161,195,218,289,293,270,204,169,230,161,194,196,229,241,259,293,245,214,101,209,283,246,252,258,210,211,246,240,213,244,109,222,266,212,295,321,192,274,234,178,216,173,158,222,268,234,239,233,260,172,215,189,292,199,185,254,242,236,222,194,236,274,204,238,228,313,269,209,191,183,165,250,186,263,194,173,337,186
10.75.104.10,213,198,141,170,195,274,153,190,0,160,207,144,184,148,147,211,182,191,188,256,217,230,189,172,165,152,178,178,150,168,190,176,0,187,192,0,178,163,0,227,41,211,213,183,230,195,0,154,213,0,0,0,0,0,0,0,0,0,0,0,164,195,234,111,212,193,153,217,289,162,183,254,282,195,175,197,211,203,229,194,179,249,185,235,168,200,194,250,232,146,180,108,222,183,215,262,188,183,189,212,193,214,229,94,202,195,182,265,228,291,226,202,206,227,176,143,210,243,238,264,209,195,191,284,235,252,191,292,224,256,239,218,168,247,274,211,251,221,208,228,262,230,245,171,190,190,264,173,199,351,194
10.75.104.11,0,0,0,0,0,0,0,0,0,0,0,0,0,0,0,0,0,0,0,0,0,0,0,0,0,0,0,0,0,0,0,0,0,0,0,0,0,0,0,0,0,0,0,0,0,0,0,0,0,0,0,0,0,0,0,0,0,0,0,0,0,0,0,0,0,0,0,0,0,0,0,0,0,117,0,0,63,0,0,0,0,0,0,0,0,0,0,0,0,0,0,0,0,0,0,0,136,0,0,0,0,250,0,0,0,143,0,0,0,0,0,0,207,0,0,0,0,0,0,0,0,93,0,121,0,0,0,39,0,0,77,0,0,299,47,92,0,314,0,381,0,0,0,0,0,0,0,233,0,319,0
10.75.104.12,0,0,0,0,0,0,0,0,0,0,0,0,0,0,0,0,0,0,0,0,0,0,0,0,0,0,0,0,0,0,0,0,0,0,0,0,0,0,0,0,0,0,0,0,0,0,0,0,0,0,0,0,0,0,0,0,0,0,0,0,299,0,43,0,0,95,0,158,45,0,0,306,29,101,0,214,126,163,295,0,0,0,0,171,0,0,0,0,0,0,235,43,0,0,0,150,0,767,53,189,0,0,0,0,0,49,0,134,0,212,0,276,0,152,0,0,149,131,0,0,0,160,166,0,0,0,0,102,0,0,134,253,0,0,0,90,59,0,0,0,101,71,0,0,0,226,173,0,251,0,0
10.75.104.13,0,0,0,0,0,0,0,0,0,0,0,0,0,0,0,0,0,0,0,0,0,0,0,0,0,0,0,0,0,0,0,0,0,0,0,0,0,0,0,0,0,0,0,0,0,0,0,0,0,0,0,0,0,0,0,0,0,0,0,0,0,0,0,0,91,0,0,189,123,0,0,147,0,0,0,0,139,203,0,0,0,84,0,0,0,0,0,168,0,0,0,23,0,0,0,111,246,0,0,0,0,0,0,0,0,0,0,139,61,0,0,0,0,0,0,0,0,0,0,0,0,0,28,0,0,77,0,0,234,0,0,0,225,66,0,52,0,0,0,0,0,0,0,0,0,0,0,0,0,0,0
10.75.104.14,0,0,0,0,0,0,0,0,0,0,0,0,0,0,0,0,0,0,0,0,0,0,0,0,0,0,0,0,0,0,0,0,0,0,0,0,0,0,0,0,0,0,0,0,0,0,0,0,0,0,0,0,0,0,0,0,0,0,0,0,0,0,108,0,0,0,0,0,0,0,0,0,0,179,457,0,0,0,0,0,0,0,0,0,0,0,0,0,0,0,0,0,0,0,0,0,0,0,0,0,0,201,0,102,0,0,278,0,0,0,0,0,0,0,0,0,0,0,0,0,0,0,0,0,0,0,0,238,0,0,196,0,0,0,0,0,0,0,0,0,0,0,0,202,0,0,0,145,0,0,0
10.75.104.15,0,0,0,0,0,0,0,0,0,361,0,0,0,0,88,102,0,234,0,168,0,0,0,0,0,0,0,0,0,56,0,0,0,0,0,0,0,0,0,0,0,674,133,0,290,0,0,0,758,0,0,0,0,0,0,0,0,0,0,0,0,0,20,0,0,132,0,0,0,192,0,0,0,0,0,0,0,0,0,0,407,0,0,0,475,0,0,0,0,0,0,0,105,0,0,0,0,0,0,0,0,0,0,0,0,0,0,0,0,0,0,0,0,0,110,254,0,0,0,0,288,0,0,0,0,0,0,0,0,0,154,0,0,0,0,0,0,0,0,0,0,0,0,0,0,0,0,0,97,0,0
10.75.104.16,0,0,0,0,0,0,0,0,0,0,0,0,0,0,0,0,0,0,0,0,0,0,0,0,0,0,0,0,0,0,0,0,0,0,0,0,0,0,0,0,0,0,0,0,0,0,0,0,0,0,0,0,0,0,0,0,0,0,0,0,0,0,0,0,0,0,0,90,0,0,0,0,0,0,0,0,0,0,0,109,0,0,0,0,0,0,0,42,0,0,0,0,0,0,0,0,0,0,0,0,0,0,0,0,0,0,0,0,0,0,0,0,0,0,0,0,0,0,0,390,0,0,0,0,0,0,0,0,0,0,0,222,0,0,0,190,223,0,0,257,174,0,0,0,631,0,0,0,0,0,0
10.75.104.17,0,0,0,0,61,164,0,238,0,0,0,176,128,86,0,118,0,0,0,0,0,205,0,0,0,248,0,0,0,0,0,100,0,0,0,0,0,0,0,0,33,0,54,121,0,0,0,0,0,0,0,0,0,0,0,0,0,0,0,0,0,68,120,208,224,0,0,0,198,58,0,0,0,0,58,173,0,46,246,294,76,0,252,98,0,146,0,0,0,0,16,0,30,0,715,202,0,0,165,0,0,15,168,53,0,0,4,0,65,0,299,0,0,0,0,0,124,278,0,445,0,28,0,0,253,85,69,0,0,16,136,0,0,229,84,0,214,0,0,0,20,213,167,0,220,75,0,0,47,270,0
10.75.104.18,51,0,0,0,0,41,0,2,0,0,0,47,0,0,11,32,0,0,91,24,22,0,0,0,45,3,0,5,61,0,6,9,0,0,9,0,60,43,0,0,0,0,0,0,0,0,0,0,0,0,0,0,0,0,0,0,0,0,0,0,0,0,65,0,0,0,0,0,0,0,0,0,0,106,0,0,0,0,0,0,0,0,0,0,0,0,0,0,0,0,0,0,0,0,0,0,0,0,0,0,0,0,0,0,0,0,0,0,0,0,0,0,0,0,0,0,0,0,0,0,0,0,0,0,0,0,127,0,0,0,0,0,0,0,0,0,0,0,0,0,0,0,0,259,0,352,0,0,0,0,0
10.75.104.19,0,0,0,0,0,0,0,0,0,0,0,0,0,0,0,0,0,0,0,0,0,0,0,0,0,0,0,0,0,0,0,0,0,0,0,0,0,0,0,0,0,0,0,0,0,0,0,0,0,0,0,0,0,0,0,0,0,0,0,0,0,0,0,0,0,0,0,0,174,0,0,369,76,0,0,0,234,132,0,0,0,130,0,247,0,0,0,0,0,0,0,118,0,0,0,0,0,0,0,0,182,0,0,0,0,0,0,0,0,0,0,0,0,0,0,0,14,194,787,0,0,0,0,358,0,0,0,0,0,0,0,0,0,0,0,71,123,0,0,0,42,0,0,0,0,0,279,0,0,268,0
10.75.104.20,0,0,0,0,0,0,0,0,0,0,0,0,0,0,0,0,0,0,0,0,0,0,0,0,0,0,0,0,0,0,0,0,0,0,0,0,0,0,0,0,0,0,0,0,0,0,0,0,0,0,0,0,0,0,0,0,0,0,0,0,0,124,55,139,0,87,0,0,0,173,0,0,89,0,0,237,0,0,0,0,0,0,0,190,0,0,179,0,0,231,90,54,0,141,0,19,14,0,193,112,86,0,13,0,0,31,265,167,0,0,0,392,347,83,0,0,0,0,0,0,0,0,88,0,0,57,58,0,0,0,0,32,41,0,0,0,0,0,0,60,105,0,142,0,0,0,8,0,0,0,0
10.75.104.21,0,0,0,0,0,0,0,0,0,0,0,0,0,0,0,0,0,0,0,0,0,0,0,0,0,0,0,0,0,0,0,0,0,0,0,0,0,0,0,0,0,0,0,0,0,0,0,0,0,0,0,0,0,0,0,0,0,0,0,0,0,0,0,0,46,0,0,263,76,0,0,0,51,0,0,0,122,0,0,156,0,67,0,0,0,198,0,116,964,0,0,0,0,112,0,0,214,0,0,154,0,0,208,0,0,239,0,0,145,0,50,0,0,0,0,0,101,0,0,59,0,0,71,0,239,280,0,0,0,0,0,192,467,0,0,35,6,0,0,0,43,0,0,0,0,0,32,0,0,0,0
10.75.104.22,0,0,0,0,0,0,0,0,0,0,0,0,0,161,0,0,0,0,0,335,0,0,0,0,272,0,0,0,0,0,92,0,0,0,0,0,156,0,0,0,0,0,0,0,0,0,0,0,0,0,0,0,0,0,0,0,0,0,0,0,0,0,0,0,0,0,0,0,0,0,0,0,276,0,0,0,0,0,0,0,0,98,0,0,0,153,0,0,0,0,0,78,0,52,0,25,0,0,0,0,0,0,0,0,0,0,0,0,131,0,0,0,0,0,0,0,115,0,0,0,0,0,0,163,0,0,0,0,0,0,0,0,0,0,0,0,119,0,168,0,0,0,0,0,0,0,51,0,0,0,0
10.75.104.23,119,247,0,0,301,104,157,0,0,0,0,137,0,0,189,157,0,278,0,0,151,0,737,0,0,0,0,114,0,260,198,215,0,0,77,0,157,165,0,0,24,0,0,0,0,316,0,61,0,0,0,0,0,0,0,0,0,0,0,0,0,0,0,0,0,0,0,0,0,0,0,0,207,0,0,0,0,0,0,0,0,190,0,0,0,0,0,171,0,0,0,0,0,0,0,0,0,0,0,0,0,0,0,0,0,212,0,0,0,0,0,0,0,0,0,0,0,23,0,0,0,0,0,0,0,0,0,0,0,0,0,0,0,174,0,0,0,88,0,0,0,0,0,0,0,0,168,0,0,0,0
10.75.104.24,0,0,0,0,0,0,0,0,0,0,0,0,0,0,0,0,0,0,0,0,0,0,0,0,0,0,0,0,0,0,0,0,0,0,0,0,0,0,0,0,0,0,0,0,0,0,0,0,0,0,0,0,0,0,0,0,0,0,0,0,0,143,0,96,0,104,0,0,0,95,0,0,0,0,182,0,0,0,0,0,0,0,0,0,0,0,0,0,0,287,228,0,187,0,0,0,0,0,0,0,0,106,0,0,0,0,0,0,0,0,0,0,0,137,0,0,0,0,0,0,0,154,0,0,0,0,153,0,0,0,0,0,0,0,0,0,0,0,0,0,0,0,0,0,0,135,0,0,0,0,201
10.75.104.25,188,0,0,0,0,75,247,0,0,0,0,0,392,177,0,0,0,0,154,253,0,0,0,111,0,0,154,0,69,0,0,0,0,0,0,0,0,295,0,0,0,0,240,0,0,187,0,0,0,0,0,0,0,0,0,0,0,0,0,0,0,0,112,110,0,0,0,0,0,0,0,0,0,0,0,0,0,0,0,0,0,0,0,0,0,0,0,0,0,0,0,0,0,0,0,0,0,0,91,0,0,0,0,0,0,0,0,0,0,0,0,0,0,0,0,0,0,0,0,0,0,0,0,0,0,0,0,0,0,0,0,0,0,0,0,0,0,0,0,0,0,137,0,0,0,0,0,0,382,0,0
10.75.104.26,0,0,0,255,216,0,295,179,0,154,583,0,0,0,154,0,0,114,0,0,0,284,0,192,56,0,0,0,231,122,0,0,0,405,0,0,153,0,0,361,0,0,66,111,219,176,0,216,0,0,0,0,0,0,0,0,0,0,0,0,0,0,0,0,0,0,0,0,0,0,0,0,56,0,0,0,0,0,0,62,0,0,0,0,0,127,0,138,0,0,0,0,0,87,0,0,0,0,0,259,0,0,0,0,0,33,0,98,0,0,0,0,0,0,0,0,67,194,0,0,0,0,0,0,366,0,0,0,224,0,0,0,0,0,258,0,0,0,0,0,0,0,0,0,0,0,0,0,0,0,0
10.75.104.27,0,0,0,0,230,0,0,0,0,0,0,0,0,0,0,0,0,0,0,0,0,0,0,0,0,0,0,0,0,0,0,0,0,0,0,0,0,0,0,0,0,0,0,0,0,0,0,0,0,0,0,0,0,0,0,0,0,0,0,0,51,0,16,15,0,8,0,0,54,11,4,0,0,41,0,33,0,0,0,0,0,235,1,0,0,92,0,94,0,36,0,0,0,0,0,54,0,0,22,0,50,0,142,0,0,0,0,0,186,34,0,0,16,69,59,15,25,0,0,0,48,0,0,0,0,76,6,0,0,0,12,0,0,0,197,0,0,0,0,22,71,77,67,43,0,0,0,23,0,0,52
10.75.104.28,0,126,0,0,0,0,0,151,0,0,0,0,0,47,0,0,0,0,0,0,186,0,0,309,0,0,183,52,22,53,53,204,0,0,147,0,0,131,0,0,0,0,217,0,0,215,0,188,0,0,0,0,0,0,0,0,0,0,0,0,0,0,0,0,0,66,0,0,66,0,333,0,0,134,0,0,0,0,0,191,340,0,0,108,0,0,146,0,0,231,0,0,161,0,0,0,194,0,76,0,0,0,0,0,0,0,0,0,0,212,303,121,0,0,0,0,63,0,0,0,0,0,0,0,0,105,31,214,95,311,134,0,211,0,228,0,0,0,0,0,36,108,0,336,0,0,178,0,0,0,343
10.75.104.29,201,148,0,217,0,158,0,0,0,273,0,0,0,173,0,84,735,0,0,0,0,0,0,0,0,0,139,0,0,130,57,164,0,0,184,0,0,0,0,0,0,0,0,460,230,0,0,0,0,0,0,0,0,0,0,0,0,0,0,0,0,0,0,0,0,0,0,0,0,0,0,0,0,0,0,0,0,0,0,0,0,0,0,0,0,0,0,0,0,0,0,0,0,0,0,0,0,0,0,0,0,0,0,0,0,0,0,0,0,0,0,0,0,0,0,0,0,0,0,0,0,0,0,0,0,0,0,0,0,0,0,0,0,0,0,0,0,0,0,0,0,0,0,0,0,0,0,0,0,0,0
10.75.104.30,0,0,0,0,0,0,0,0,0,0,0,0,0,0,0,0,0,0,0,0,0,0,0,0,0,0,0,0,0,0,0,0,0,0,0,0,0,0,0,0,0,0,0,0,0,0,0,0,0,0,0,0,0,0,0,0,0,0,0,0,0,0,0,0,89,0,0,0,33,0,0,0,0,0,0,0,0,0,0,0,0,179,0,0,0,0,393,0,0,0,0,0,0,0,0,53,0,0,0,0,0,0,0,0,0,0,0,279,0,0,0,0,0,0,0,0,0,0,0,0,0,0,257,0,0,0,0,0,0,0,0,230,0,0,0,127,0,0,185,0,0,0,0,0,0,0,0,0,0,0,0
10.111.79.38,411,385,455,351,404,395,417,433,1483,352,345,483,507,469,404,359,451,488,434,467,484,392,354,420,359,415,387,443,363,350,513,444,741,395,323,1407,391,432,1460,544,73,482,409,484,302,369,1366,316,347,820,901,722,728,759,802,771,761,785,322,299,512,499,493,438,495,455,482,466,558,511,531,541,530,425,412,489,435,542,542,478,517,551,448,559,486,650,500,504,515,443,438,240,530,473,464,607,423,377,408,498,679,451,507,248,347,423,507,464,465,488,458,486,448,497,461,420,533,455,567,511,508,484,469,524,482,506,412,400,564,522,433,485,534,509,619,589,492,552,619,507,467,390,379,416,590,382,477,559,485,560,546
